{
  "prizes": [
    {
      "id": 1,
      "title": "一等奖",
      "image": "https://trae-api-cn.mchost.guru/api/ide/v1/text_to_image?prompt=luxury%20gift%20prize%20first%20prize&image_size=square",
      "count": 1,
      "winner": "",
      "probability": 5
    },
    {
      "id": 2,
      "title": "二等奖",
      "image": "https://trae-api-cn.mchost.guru/api/ide/v1/text_to_image?prompt=second%20prize%20gift%20package&image_size=square",
      "count": 2,
      "winner": "",
      "probability": 10
    },
    {
      "id": 3,
      "title": "三等奖",
      "image": "https://trae-api-cn.mchost.guru/api/ide/v1/text_to_image?prompt=third%20prize%20gift%20box&image_size=square",
      "count": 3,
      "winner": "",
      "probability": 15
    },
    {
      "id": 4,
      "title": "四等奖",
      "image": "https://trae-api-cn.mchost.guru/api/ide/v1/text_to_image?prompt=fourth%20prize%20gift%20card&image_size=square",
      "count": 5,
      "winner": "",
      "probability": 20
    },
    {
      "id": 5,
      "title": "五等奖",
      "image": "https://trae-api-cn.mchost.guru/api/ide/v1/text_to_image?prompt=fifth%20prize%20small%20gift&image_size=square",
      "count": 10,
      "winner": "",
      "probability": 50
    }
  ],
  "participants": [
    "张三",
    "李四",
    "王五",
    "赵六",
    "钱七",
    "孙八",
    "周九",
    "吴十",
    "郑一",
    "王二"
  ],
  "settings": {
    "lotteryName": "年会抽奖",
    "bgColor": "#1a1a2e",
    "textColor": "#ffffff",
    "buttonColor": "#e94560"
  }
}